Datetime,Water Level (m)
2025-04-18 06:00:00,-0.31557503
2025-04-18 07:00:00,-0.12662779
2025-04-18 08:00:00,0.043704357
2025-04-18 09:00:00,0.20459715
2025-04-18 10:00:00,0.33140954
2025-04-18 11:00:00,0.38899878
2025-04-18 12:00:00,0.32751462
2025-04-18 13:00:00,0.1818799
2025-04-18 14:00:00,0.04212321
2025-04-18 15:00:00,-0.08443641
2025-04-18 16:00:00,-0.20150009
2025-04-18 17:00:00,-0.28763
2025-04-18 18:00:00,-0.27650952
2025-04-18 19:00:00,-0.1203045
2025-04-18 20:00:00,0.01821104
2025-04-18 21:00:00,0.13564226
2025-04-18 22:00:00,0.21191531
2025-04-18 23:00:00,0.20875157
2025-04-19 00:00:00,0.10664454
2025-04-19 01:00:00,-0.015868612
2025-04-19 02:00:00,-0.13235554
2025-04-19 03:00:00,-0.24272029
2025-04-19 04:00:00,-0.3468844
2025-04-19 05:00:00,-0.4226552
2025-04-19 06:00:00,-0.40464377
2025-04-19 07:00:00,-0.24249811
2025-04-19 08:00:00,-0.07099414
2025-04-19 09:00:00,0.096505724
2025-04-19 10:00:00,0.23896167
2025-04-19 11:00:00,0.33202603
2025-04-19 12:00:00,0.34195396
2025-04-19 13:00:00,0.24636453
2025-04-19 14:00:00,0.11401901
2025-04-19 15:00:00,-0.0053254524
2025-04-19 16:00:00,-0.116018675
2025-04-19 17:00:00,-0.21049537
2025-04-19 18:00:00,-0.25860658
2025-04-19 19:00:00,-0.21444763
2025-04-19 20:00:00,-0.08953851
2025-04-19 21:00:00,0.027626425
2025-04-19 22:00:00,0.12743811
2025-04-19 23:00:00,0.18519174
2025-04-20 00:00:00,0.17610285
2025-04-20 01:00:00,0.08117685
2025-04-20 02:00:00,-0.031638563
2025-04-20 03:00:00,-0.13855028
2025-04-20 04:00:00,-0.23831017
2025-04-20 05:00:00,-0.32131493
2025-04-20 06:00:00,-0.3523205
2025-04-20 07:00:00,-0.27402598
2025-04-20 08:00:00,-0.13410176
2025-04-20 09:00:00,-0.002626151
2025-04-20 10:00:00,0.12930617
2025-04-20 11:00:00,0.24009125
2025-04-20 12:00:00,0.31160095
2025-04-20 13:00:00,0.32488862
2025-04-20 14:00:00,0.26095924
2025-04-20 15:00:00,0.14589298
2025-04-20 16:00:00,0.032623153
2025-04-20 17:00:00,-0.06929533
2025-04-20 18:00:00,-0.15829715
2025-04-20 19:00:00,-0.21848968
2025-04-20 20:00:00,-0.2104484
2025-04-20 21:00:00,-0.11920159
2025-04-20 22:00:00,-0.018404782
2025-04-20 23:00:00,0.06494114
2025-04-21 00:00:00,0.12520581
2025-04-21 01:00:00,0.13970894
2025-04-21 02:00:00,0.08311197
2025-04-21 03:00:00,-0.013862817
2025-04-21 04:00:00,-0.104797006
2025-04-21 05:00:00,-0.18948472
2025-04-21 06:00:00,-0.2629897
2025-04-21 07:00:00,-0.30459127
2025-04-21 08:00:00,-0.26669917
2025-04-21 09:00:00,-0.14590542
2025-04-21 10:00:00,-0.021579206
2025-04-21 11:00:00,0.10506677
2025-04-21 12:00:00,0.21732585
2025-04-21 13:00:00,0.3042602
2025-04-21 14:00:00,0.33924887
2025-04-21 15:00:00,0.30027506
2025-04-21 16:00:00,0.19809462
2025-04-21 17:00:00,0.0868467
2025-04-21 18:00:00,-0.01586579
2025-04-21 19:00:00,-0.10988707
2025-04-21 20:00:00,-0.1835705
2025-04-21 21:00:00,-0.21123041
2025-04-21 22:00:00,-0.15878084
2025-04-21 23:00:00,-0.06035382
2025-04-22 00:00:00,0.038168207
2025-04-22 01:00:00,0.12390273
2025-04-22 02:00:00,0.17667885
2025-04-22 03:00:00,0.18216202
2025-04-22 04:00:00,0.12949279
2025-04-22 05:00:00,0.037548576
2025-04-22 06:00:00,-0.0565895
2025-04-22 07:00:00,-0.14371733
2025-04-22 08:00:00,-0.21276113
2025-04-22 09:00:00,-0.23765767
2025-04-22 10:00:00,-0.16945812
2025-04-22 11:00:00,-0.044592895
2025-04-22 12:00:00,0.0907937
2025-04-22 13:00:00,0.22240546
2025-04-22 14:00:00,0.3346068
2025-04-22 15:00:00,0.40523425
2025-04-22 16:00:00,0.40977883
2025-04-22 17:00:00,0.33136037
2025-04-22 18:00:00,0.20960878
2025-04-22 19:00:00,0.09095888
2025-04-22 20:00:00,-0.023183974
2025-04-22 21:00:00,-0.12422691
2025-04-22 22:00:00,-0.19133729
2025-04-22 23:00:00,-0.19072044
2025-04-23 00:00:00,-0.07502934
2025-04-23 01:00:00,0.06622329
2025-04-23 02:00:00,0.19673134
2025-04-23 03:00:00,0.30249086
2025-04-23 04:00:00,0.36686724
2025-04-23 05:00:00,0.3609569
2025-04-23 06:00:00,0.26687527
2025-04-23 07:00:00,0.14148101
2025-04-23 08:00:00,0.024584977
2025-04-23 09:00:00,-0.0814177
2025-04-23 10:00:00,-0.1651221
2025-04-23 11:00:00,-0.17182288
2025-04-23 12:00:00,-0.034142047
2025-04-23 13:00:00,0.12610798
2025-04-23 14:00:00,0.28089976
2025-04-23 15:00:00,0.5232648
2025-04-23 16:00:00,0.57842094
2025-04-23 17:00:00,0.5955013
2025-04-23 18:00:00,0.50729924
2025-04-23 19:00:00,0.35631287
2025-04-23 20:00:00,0.20977286
2025-04-23 21:00:00,0.07355379
2025-04-23 22:00:00,-0.051598232
2025-04-23 23:00:00,-0.15655035
2025-04-24 00:00:00,-0.1858743
2025-04-24 01:00:00,-0.041968215
2025-04-24 02:00:00,0.16035874
2025-04-24 03:00:00,0.358341
2025-04-24 04:00:00,0.6205385
2025-04-24 05:00:00,0.63671666
2025-04-24 06:00:00,0.5762634
